{
    "models": {
        "Logistic Regression": {
            "parameters": "{'alpha': 0.0001, 'average': False, 'class_weight': None, 'early_stopping': False, 'epsilon': 0.1, 'eta0': 0.01, 'fit_intercept': True, 'l1_ratio': 0.15, 'learning_rate': 'optimal', 'loss': 'log_loss', 'max_iter': 1, 'n_iter_no_change': 5, 'n_jobs': None, 'penalty': 'l2', 'power_t': 0.5, 'random_state': None, 'shuffle': True, 'tol': 0.001, 'validation_fraction': 0.1, 'verbose': 0, 'warm_start': False}",
            "final_metrics": {
                "Accuracy": 0.8894,
                "AUC": 0.712,
                "Precision": 0.2056,
                "Recall": 0.44,
                "F1": 0.2803,
                "MCC": 0.2484
            },
            "training_history": {
                "epoch": [
                    1,
                    2,
                    3,
                    4,
                    5,
                    6,
                    7,
                    8,
                    9,
                    10,
                    11,
                    12,
                    13,
                    14,
                    15,
                    16,
                    17,
                    18,
                    19,
                    20
                ],
                "train_acc": [
                    0.946917808219178,
                    0.9510763209393346,
                    0.9439823874755382,
                    0.937866927592955,
                    0.9405577299412916,
                    0.951320939334638,
                    0.9031311154598826,
                    0.9322407045009785,
                    0.9434931506849316,
                    0.7661448140900196,
                    0.9190313111545988,
                    0.9410469667318982,
                    0.8960371819960861,
                    0.949119373776908,
                    0.9439823874755382,
                    0.913160469667319,
                    0.9261252446183953,
                    0.9253913894324853,
                    0.8016144814090019,
                    0.8764677103718199
                ]
            },
            "model_path": "model_assets/logistic_regression.joblib"
        },
        "Decision Tree": {
            "parameters": "{'ccp_alpha': 0.0, 'class_weight': None, 'criterion': 'gini', 'max_depth': 7, 'max_features': None, 'max_leaf_nodes': None, 'min_impurity_decrease': 0.0, 'min_samples_leaf': 1, 'min_samples_split': 2, 'min_weight_fraction_leaf': 0.0, 'monotonic_cst': None, 'random_state': 42, 'splitter': 'best'}",
            "final_metrics": {
                "Accuracy": 0.9442,
                "AUC": 0.7863,
                "Precision": 0.1111,
                "Recall": 0.02,
                "F1": 0.0339,
                "MCC": 0.0272
            },
            "training_history": {
                "epoch": [
                    10,
                    20,
                    30,
                    40,
                    50,
                    60,
                    70,
                    80,
                    90,
                    100
                ],
                "train_acc": [
                    0.9104696673189824,
                    0.9405577299412916,
                    0.9439823874755382,
                    0.9496086105675147,
                    0.950587084148728,
                    0.9530332681017613,
                    0.9542563600782779,
                    0.9579256360078278,
                    0.9571917808219178,
                    0.9598825831702544
                ]
            },
            "model_path": "model_assets/decision_tree.joblib"
        },
        "kNN": {
            "parameters": "{'algorithm': 'auto', 'leaf_size': 30, 'metric': 'minkowski', 'metric_params': None, 'n_jobs': None, 'n_neighbors': 5, 'p': 2, 'weights': 'uniform'}",
            "final_metrics": {
                "Accuracy": 0.9481,
                "AUC": 0.613,
                "Precision": 0.2,
                "Recall": 0.02,
                "F1": 0.0364,
                "MCC": 0.0491
            },
            "training_history": {
                "epoch": [
                    10,
                    20,
                    30,
                    40,
                    50,
                    60,
                    70,
                    80,
                    90,
                    100
                ],
                "train_acc": [
                    0.9474070450097848,
                    0.9483855185909981,
                    0.9459393346379648,
                    0.949119373776908,
                    0.9493639921722113,
                    0.9500978473581213,
                    0.951320939334638,
                    0.951320939334638,
                    0.950587084148728,
                    0.9518101761252447
                ]
            },
            "model_path": "model_assets/knn.joblib"
        },
        "Naive Bayes": {
            "parameters": "{'priors': None, 'var_smoothing': 1e-09}",
            "final_metrics": {
                "Accuracy": 0.2945,
                "AUC": 0.7852,
                "Precision": 0.0637,
                "Recall": 0.98,
                "F1": 0.1197,
                "MCC": 0.1196
            },
            "training_history": {
                "epoch": [
                    1,
                    2,
                    3,
                    4,
                    5,
                    6,
                    7,
                    8,
                    9,
                    10
                ],
                "train_acc": [
                    0.3769569471624266,
                    0.33096868884540115,
                    0.34540117416829746,
                    0.29231898238747556,
                    0.3681506849315068,
                    0.37597847358121333,
                    0.375,
                    0.3776908023483366,
                    0.2793542074363992,
                    0.28498043052837574
                ]
            },
            "model_path": "model_assets/naive_bayes.joblib"
        },
        "Random Forest": {
            "parameters": "{'bootstrap': True, 'ccp_alpha': 0.0, 'class_weight': None, 'criterion': 'gini', 'max_depth': None, 'max_features': 'sqrt', 'max_leaf_nodes': None, 'max_samples': None, 'min_impurity_decrease': 0.0, 'min_samples_leaf': 1, 'min_samples_split': 2, 'min_weight_fraction_leaf': 0.0, 'monotonic_cst': None, 'n_estimators': 91, 'n_jobs': None, 'oob_score': False, 'random_state': 42, 'verbose': 0, 'warm_start': True}",
            "final_metrics": {
                "Accuracy": 0.9491,
                "AUC": 0.7952,
                "Precision": 0.0,
                "Recall": 0.0,
                "F1": 0.0,
                "MCC": -0.01
            },
            "training_history": {
                "epoch": [
                    1,
                    11,
                    21,
                    31,
                    41,
                    51,
                    61,
                    71,
                    81,
                    91
                ],
                "train_acc": [
                    0.9669765166340509,
                    0.9933953033268101,
                    0.99706457925636,
                    0.9980430528375733,
                    0.9987769080234834,
                    1.0,
                    1.0,
                    1.0,
                    1.0,
                    1.0
                ]
            },
            "model_path": "model_assets/random_forest.joblib"
        },